Full-Path,,,,
School of Humanities and Education,,,,
School of Humanities and Education,Department of Creative Arts,,,
School of Humanities and Education,Department of Creative Arts,Department of College Mathematics,,
School of Humanities and Education,Department of Education,,,
School of Humanities and Education,Department of Education,Teacher Education,,
School of Professional Studies,,,,
School of Professional Studies,Department of Business,,,
School of Professional Studies,Department of Business,Department of History,,
School of Professional Studies,Department of Social Behavioral Studies,,,
School of Professional Studies,College of Education,,,
School of Professional Studies,College of Education,Teacher Education Department,,
School of Professional Studies,College of Education,Teacher Education Department,Elementary Education,
School of Professional Studies,College of Education,Teacher Education Department,Elementary Education,edTPA Organization
Automation Scripts,,,,
Automation Scripts,Coursework,,,
Automation Scripts,FEM,,,
Automation Scripts,edTPA's,,,
